id,title,image
16,Agulha de Chakra,https://static.wikia.nocookie.net/naruto/images/e/ec/Agulha_de_Chakra_%281%29.png/revision/latest?cb=20170113015554&path-prefix=pt-br
22,Agulhas Jizō,https://static.wikia.nocookie.net/naruto/images/8/87/Jiraiya_se_protege_das_flechas.PNG/revision/latest?cb=20150114130731&path-prefix=pt-br
25,Amaterasu,https://static.wikia.nocookie.net/naruto/images/d/d0/Amaterasu1.png/revision/latest?cb=20181208211910&path-prefix=pt-br
40,Aperto Assassino,https://static.wikia.nocookie.net/naruto/images/6/6c/Aperto_Assassino.png/revision/latest?cb=20160225151810&path-prefix=pt-br
43,Aprisionamento Aracnídeo,https://static.wikia.nocookie.net/naruto/images/4/40/Kumo_Shibari.PNG/revision/latest?cb=20170520234354&path-prefix=pt-br
44,Aprisionamento da Língua de Batalha,https://static.wikia.nocookie.net/naruto/images/2/23/Zessenbaku.png/revision/latest?cb=20130630182610&path-prefix=pt-br
48,Areia Expansiva,https://static.wikia.nocookie.net/naruto/images/c/c7/Areia_Expansiva_%281%29.png/revision/latest?cb=20161031184425&path-prefix=pt-br
57,Armadilha Rasteira com Fio,https://static.wikia.nocookie.net/naruto/images/3/3d/Armadilha_Rasteira_com_Fio_%281%29.PNG/revision/latest?cb=20160918162841&path-prefix=pt-br
64,Armadura do Ataque Relâmpago,https://static.wikia.nocookie.net/naruto/images/f/f0/Raigeki-Yoroi.png/revision/latest?cb=20130112152158&path-prefix=pt-br
68,Arte da Espada da Névoa Sangrenta: Mutilação de Ossos,https://static.wikia.nocookie.net/naruto/images/8/85/Mutila%C3%A7%C3%A3o.png/revision/latest?cb=20151227161638&path-prefix=pt-br
71,Arte Eremita: Cortina de Areia do Estilo Vento,https://static.wikia.nocookie.net/naruto/images/5/55/Sunabokori.png/revision/latest?cb=20130630181921&path-prefix=pt-br
74,Arte Eremita: Facção de Raios do Estilo Yin,https://static.wikia.nocookie.net/naruto/images/8/89/Arte_S%C3%A1bia_Despacho_Rel%C3%A2mpago_da_Libera%C3%A7%C3%A3o_de_Yin_%28Anime%29.png/revision/latest?cb=20150813173024&path-prefix=pt-br
77,Arte Eremita: Lamento do Sapo,https://static.wikia.nocookie.net/naruto/images/c/c2/Chamada_do_Sapo.png/revision/latest?cb=20160315173912&path-prefix=pt-br
78,Arte Eremita: Leque de Fogo dos Cinco Deuses do Fogo,https://static.wikia.nocookie.net/naruto/images/7/7c/Arte_S%C3%A1bia_-_Leque_de_Chamas_do_Deus_dos_Cinco_Fogos_%28Koji_-_Anime%29.png/revision/latest?cb=20210924154558&path-prefix=pt-br
79,Arte Eremita: Portão Divino,https://static.wikia.nocookie.net/naruto/images/8/8e/Senp%C5%8D_My%C5%8Djinmon_usado_em_Madara.png/revision/latest?cb=20150907135332&path-prefix=pt-br
85,Arte Eremita: Reencarnação Inorgânica,https://static.wikia.nocookie.net/naruto/images/7/72/Senp%C5%8D_Muki_Tensei.png/revision/latest?cb=20131108162444&path-prefix=pt-br
88,Arte Eremita: Técnica do Extremo Branco,https://static.wikia.nocookie.net/naruto/images/4/40/Senp%C5%8D_Hakugeki_no_Jutsu.png/revision/latest?cb=20131010170058&path-prefix=pt-br
91,Arte Misteriosa Kujaku,https://static.wikia.nocookie.net/naruto/images/7/74/M%C3%A9todo_do_Pav%C3%A3o_Misterioso_%28Akahoshi%29.PNG/revision/latest?cb=20150927022930&path-prefix=pt-br
93,Arte Ninja Colaborativa: Estilo Vento: Bomba de Chamas do Óleo de Sapo,https://static.wikia.nocookie.net/naruto/images/1/1d/F%C5%ABton_-_Gamayu_Endan.PNG/revision/latest?cb=20230820213735&path-prefix=pt-br
94,Arte Ninja da Imitação,https://static.wikia.nocookie.net/naruto/images/a/aa/Arte_Ninja_da_Imita%C3%A7%C3%A3o_%28Forma_-_Anime%29.png/revision/latest?cb=20200603203804&path-prefix=pt-br
95,Arte Ninja da Neblina: Técnica Proibida: Abertura do Portão ao Pós-vida,https://static.wikia.nocookie.net/naruto/images/6/66/Arte_Ninja_da_Neblina_-_T%C3%A9cnica_Proibida_-_Abertura_do_Port%C3%A3o_ao_P%C3%B3s-vida_%281%29.png/revision/latest?cb=20200914192128&path-prefix=pt-br
96,Arte Ninja da Neblina: Técnica Proibida: Extermínio do Submundo,https://static.wikia.nocookie.net/naruto/images/0/06/Arte_Ninja_da_Neblina_-_T%C3%A9cnica_Proibida_-_Exterm%C3%ADnio_do_Submundo_%281%29.png/revision/latest?cb=20200914195119&path-prefix=pt-br
98,Arte Ninja da Neblina: Técnica Proibida: Vida Efêmera,https://static.wikia.nocookie.net/naruto/images/9/9a/Arte_Ninja_da_Neblina_-_T%C3%A9cnica_Proibida_Vida_Ef%C3%AAmera_%281%29.png/revision/latest?cb=20200914183456&path-prefix=pt-br
99,Arte Ninja da Regeneração da Criação — Técnica das Cem Forças,https://static.wikia.nocookie.net/naruto/images/1/1c/Byakugou_no_In_%28anime%29.PNG/revision/latest?cb=20131003191900&path-prefix=pt-br
103,Arte Ninja de Kagerō: Efêmero,https://static.wikia.nocookie.net/naruto/images/2/2c/Artes_Ninja_Antlion_Ef%C3%AAmero.png/revision/latest?cb=20160314150927&path-prefix=pt-br
107,Arte Ninja Magnética: Visão Eletromagnética,https://static.wikia.nocookie.net/naruto/images/b/b7/Jishaku_Ninp%C5%8D_Denji_Genmu.png/revision/latest?cb=20141127205917&path-prefix=pt-br
108,Arte Ninja: Beleza do Luar,https://static.wikia.nocookie.net/naruto/images/2/28/Arte_Ninja_-_Beleza_do_Luar_1.png/revision/latest?cb=20190416044216&path-prefix=pt-br
110,Arte Ninja: Casulo,https://static.wikia.nocookie.net/naruto/images/2/25/Casulo.png/revision/latest?cb=20150514221010&path-prefix=pt-br
119,Arte Ninja: Torre do Mar Infinito,https://static.wikia.nocookie.net/naruto/images/8/84/Torre_do_Mar.png/revision/latest?cb=20220225175524&path-prefix=pt-br
120,Arte Ninja: Técnica do Corpo da Shuriken Gigante,https://static.wikia.nocookie.net/naruto/images/e/e2/Arte_Ninja_-_Jutsu_do_Corpo_da_Shuriken_Gigante.png/revision/latest?cb=20190521191108&path-prefix=pt-br
134,Assimilação,https://static.wikia.nocookie.net/naruto/images/9/9c/Yamato_observa_a_chegada_de_Naruto.png/revision/latest?cb=20160312143829&path-prefix=pt-br
145,Ataque de Relâmpago,https://static.wikia.nocookie.net/naruto/images/f/f9/Raigeki.png/revision/latest?cb=20121102000111&path-prefix=pt-br
152,Ataque Gélido da Lâmina Demoníaca,https://static.wikia.nocookie.net/naruto/images/d/d8/Drag%C3%A3o_de_Gelo_%281%29.PNG/revision/latest?cb=20160203115225&path-prefix=pt-br
155,Ataque Rápido da Lança de Areia,https://static.wikia.nocookie.net/naruto/images/b/b9/Ataque_R%C3%A1pido_da_Lan%C3%A7a_de_Areia.png/revision/latest?cb=20190210225812&path-prefix=pt-br
158,Avalanche de Pedras,https://static.wikia.nocookie.net/naruto/images/c/c9/Iwa_Nadare_%28Raiga%29.png/revision/latest?cb=20140426014753&path-prefix=pt-br
172,Barreira de Selamento,https://static.wikia.nocookie.net/naruto/images/d/d9/Barreira_do_Selo.png/revision/latest?cb=20141213182531&path-prefix=pt-br
178,Barreira Estilo Terra: Prisão Cúpula de Terra,https://static.wikia.nocookie.net/naruto/images/5/51/Barreira_de_Libera%C3%A7%C3%A3o_de_Terra_-_Pris%C3%A3o_de_Terra_do_Magn%C3%ADfico_Insignificante.PNG/revision/latest?cb=20170520232513&path-prefix=pt-br
195,Bastão de Chakra,https://static.wikia.nocookie.net/naruto/images/9/96/Manifesta%C3%A7%C3%A3o_de_Receptores_de_Chakra_%28Madara_Uchiha%29.png/revision/latest?cb=20141027234025&path-prefix=pt-br
198,Bijuu Copiada,https://static.wikia.nocookie.net/naruto/images/6/62/Etiqueta_de_Replica%C3%A7%C3%A3o_da_Besta.png/revision/latest?cb=20141207232535&path-prefix=pt-br
199,Bisturi de Chakra,https://static.wikia.nocookie.net/naruto/images/2/24/Bisturi_de_Chakra.png/revision/latest?cb=20170521034145&path-prefix=pt-br
203,Bolha Esférica,https://static.wikia.nocookie.net/naruto/images/4/44/Bolha_Esf%C3%A9rica.png/revision/latest?cb=20161024023907&path-prefix=pt-br
207,Bolhas de Ocultação de Odor,https://static.wikia.nocookie.net/naruto/images/a/ae/Bolhas_de_Burami.png/revision/latest?cb=20150313005941&path-prefix=pt-br
213,Bomba do Óleo de Sapo,https://static.wikia.nocookie.net/naruto/images/b/b5/Proj%C3%A9til_do_%C3%93leo_de_Sapo.PNG/revision/latest?cb=20140916153933&path-prefix=pt-br
219,Borboleta da Agulha de Fogo,https://static.wikia.nocookie.net/naruto/images/9/96/Borboleta_da_Agulha_de_Chama.png/revision/latest?cb=20190411051203&path-prefix=pt-br
229,C1,https://static.wikia.nocookie.net/naruto/images/8/8c/Cria%C3%A7%C3%A3o_de_C1.PNG/revision/latest?cb=20190428030601&path-prefix=pt-br
232,C4,https://static.wikia.nocookie.net/naruto/images/6/63/Clone_Gigante_C4.PNG/revision/latest?cb=20141012174848&path-prefix=pt-br
233,Cachoeira de Areia Movediça,https://static.wikia.nocookie.net/naruto/images/4/4a/Tsunami_de_Areia.PNG/revision/latest?cb=20140914192918&path-prefix=pt-br
243,Caminho Exterior: Técnica da Reencarnação Rinne,https://static.wikia.nocookie.net/naruto/images/d/da/Ged%C5%8D_Rinne_Tensei_no_Jutsu.png/revision/latest?cb=20170201035324&path-prefix=pt-br
250,Canhão da Concha,https://static.wikia.nocookie.net/naruto/images/f/ff/Makigai_H%C5%8D_%28Rei_Concha_%26_Kandachi_-_Anime%29.PNG/revision/latest?cb=20150901213507&path-prefix=pt-br
271,Chibaku Tensei,https://static.wikia.nocookie.net/naruto/images/b/b3/Chibaku_Tensei_%282%29.png/revision/latest?cb=20160902190130&path-prefix=pt-br
273,Chibaku Tensei: Queda Celestial,https://static.wikia.nocookie.net/naruto/images/5/57/Chibaku_Tensei_Queda_Celestial_%281%29.png/revision/latest?cb=20180823173758&path-prefix=pt-br
274,Chicote da Concha,https://static.wikia.nocookie.net/naruto/images/f/ff/Makigai_Ben.png/revision/latest?cb=20130323134217&path-prefix=pt-br
275,Chidori,https://static.wikia.nocookie.net/naruto/images/9/95/Chidori.PNG/revision/latest?cb=20150829111451&path-prefix=pt-br
290,Chuva de Areia de Ferro,https://static.wikia.nocookie.net/naruto/images/c/c3/Satetsu_Shigure.png/revision/latest?cb=20150417185032&path-prefix=pt-br
293,Chuva Rancorosa,https://static.wikia.nocookie.net/naruto/images/3/35/Chuva_Rancorosa_%281%29.png/revision/latest?cb=20160203003649&path-prefix=pt-br
295,Chuveiro de Agulhas,https://static.wikia.nocookie.net/naruto/images/3/36/Chuveiro_de_Agulhas.PNG/revision/latest?cb=20150118024906&path-prefix=pt-br
297,Cintilação de Clones,https://static.wikia.nocookie.net/naruto/images/4/41/Cintila%C3%A7%C3%A3o_de_Clone.png/revision/latest?cb=20160629201219&path-prefix=pt-br
298,Cinzas Flamejantes,https://static.wikia.nocookie.net/naruto/images/4/4e/Cinzas_Flamejantes_%281%29.png/revision/latest?cb=20180823135312&path-prefix=pt-br
301,Clone da Besta Humana,https://static.wikia.nocookie.net/naruto/images/7/78/Gijuu_Ninpou_-_Juujin_Bunshin.png/revision/latest?cb=20170528145737&path-prefix=pt-br
318,Clones de Rastro,https://static.wikia.nocookie.net/naruto/images/d/d2/Clones_de_Shisui.png/revision/latest?cb=20160325054818&path-prefix=pt-br
321,Cobras de Absorção de Chakra,https://static.wikia.nocookie.net/naruto/images/6/62/Cobras_de_Absor%C3%A7%C3%A3o_de_Chakra.PNG/revision/latest?cb=20131023144847&path-prefix=pt-br
341,Controle de Calorias,https://static.wikia.nocookie.net/naruto/images/8/89/Controle_de_Calorias_%28Anime%29.png/revision/latest?cb=20180927031141&path-prefix=pt-br
342,Controle de Chakra: Amarrar,https://static.wikia.nocookie.net/naruto/images/e/ee/Armadilha_de_Amarras_%28Anime%29.png/revision/latest?cb=20230206031118&path-prefix=pt-br
343,Controle de Morcegos,https://static.wikia.nocookie.net/naruto/images/2/2e/Controle_de_Morcegos.PNG/revision/latest?cb=20140503143810&path-prefix=pt-br
348,Corda de Chakra,https://static.wikia.nocookie.net/naruto/images/e/e4/Corda_de_Chakra.PNG/revision/latest?cb=20150927015404&path-prefix=pt-br
355,Correntes da Estátua Demoníaca,https://static.wikia.nocookie.net/naruto/images/1/1e/Correntes_da_Est%C3%A1tua_Demon%C3%ADaca.PNG/revision/latest?cb=20221009144609&path-prefix=pt-br
366,Costura pelas Sombras: Técnica da Grande Foice da Doninha,No image Given.
370,Cristal: Dança Selvagem de Shuriken Hexagonal,https://static.wikia.nocookie.net/naruto/images/6/61/Shuriken_Hexagonal_Dan%C3%A7a_Selvagem.PNG/revision/latest?cb=20170822174828&path-prefix=pt-br
371,Cristal: Shuriken Gigante Hexagonal,https://static.wikia.nocookie.net/naruto/images/f/f8/Ky%C5%8Ddai_Rokakku_Shuriken.png/revision/latest?cb=20110606174217&path-prefix=pt-br
386,Dança do Shikigami,https://static.wikia.nocookie.net/naruto/images/2/25/Konan_%28Transformada_em_Papel%29.png/revision/latest?cb=20150404110047&path-prefix=pt-br
396,Desenho de Imitação da Super Besta,https://static.wikia.nocookie.net/naruto/images/9/98/Desenho_de_Imita%C3%A7%C3%A3o_da_Super_Besta.png/revision/latest?cb=20170822185944&path-prefix=pt-br
420,Dispersão de Vírus,https://static.wikia.nocookie.net/naruto/images/7/7c/Boro_agradece_Boruto.png/revision/latest?cb=20210705232323&path-prefix=pt-br
422,Dispositivo de Substituição Mental,https://static.wikia.nocookie.net/naruto/images/b/bf/Dispositivo_de_Substitui%C3%A7%C3%A3o_Mental.png/revision/latest?cb=20151112193415&path-prefix=pt-br
423,Dissipação de Genjutsu,https://static.wikia.nocookie.net/naruto/images/7/77/Dissipa%C3%A7%C3%A3o_de_Genjutsu.PNG/revision/latest?cb=20160913035611&path-prefix=pt-br
425,Divino: Nascimento do Mundo de Árvores,https://static.wikia.nocookie.net/naruto/images/e/e3/Deus_-_Natividade_de_um_Mundo_de_%C3%81rvores.png/revision/latest?cb=20181108193632&path-prefix=pt-br
430,Doujutsu de Kurobane,https://static.wikia.nocookie.net/naruto/images/e/ee/D%C5%8Djutsu_de_Kurogane_%28Kurogane_-_Anime%29.png/revision/latest?cb=20211220235018&path-prefix=pt-br
433,Dragões Gêmeos Ascendentes,https://static.wikia.nocookie.net/naruto/images/2/2e/S%C5%8Dsh%C5%8Dry%C5%AB.PNG/revision/latest?cb=20140917050807&path-prefix=pt-br
437,Eco da Broca Ressonante,https://static.wikia.nocookie.net/naruto/images/2/23/Eco_da_Broca_Ressonante.png/revision/latest?cb=20150226210050&path-prefix=pt-br
446,Enterro da Prisão de Areia,https://static.wikia.nocookie.net/naruto/images/5/52/Gokusa_Mais%C5%8D.PNG/revision/latest?cb=20140914151942&path-prefix=pt-br
468,Esfera de Relâmpago,https://static.wikia.nocookie.net/naruto/images/9/96/Esfera_de_Raios.PNG/revision/latest?cb=20160525183833&path-prefix=pt-br
497,Espelhos Demoníacos de Cristais de Gelo,https://static.wikia.nocookie.net/naruto/images/6/6c/Hy%C5%8Dton_%28Infobox_-_Maky%C5%8D_Hy%C5%8Dsh%C5%8D%29.PNG/revision/latest?cb=20170529230638&path-prefix=pt-br
504,Estilo Calor: Joia Ardente,https://static.wikia.nocookie.net/naruto/images/3/3b/T%C3%A9cnica_do_Alargamento_da_Incinera%C3%A7%C3%A3o.png/revision/latest?cb=20131022040002&path-prefix=pt-br
514,Estilo Chama: Técnica da Grande Bola de Fogo,https://static.wikia.nocookie.net/naruto/images/0/0a/Libera%C3%A7%C3%A3o_de_Chama_T%C3%A9cnica_da_Grande_Bola_de_Fogo.png/revision/latest?cb=20180815143548&path-prefix=pt-br
515,Estilo Chama: Técnica do Grande Dragão de Fogo,https://static.wikia.nocookie.net/naruto/images/4/4e/T%C3%A9cnica_do_Grande_Drag%C3%A3o_de_Chama_%28Sasuke_-_Game%29.png/revision/latest?cb=20220623230850&path-prefix=pt-br
517,Estilo Cristal: Acampamento da Parede de Cristal,https://static.wikia.nocookie.net/naruto/images/7/76/Libera%C3%A7%C3%A3o_de_Cristal-Acampamento_da_Parede_de_Cristal_1.png/revision/latest?cb=20140314170825&path-prefix=pt-br
519,Estilo Cristal: Colunas Hexagonais de Cristais de Jade,https://static.wikia.nocookie.net/naruto/images/6/60/Suish%C5%8D_Rokkakuch%C5%AB.PNG/revision/latest?cb=20170815234725&path-prefix=pt-br
520,Estilo Cristal: Dança Selvagem das Shuriken,https://static.wikia.nocookie.net/naruto/images/0/02/Dan%C3%A7a_Selvagem_da_Shuriken.PNG/revision/latest?cb=20170816002635&path-prefix=pt-br
521,Estilo Cristal: Dragão Cadente de Cristal Destruidor,https://static.wikia.nocookie.net/naruto/images/a/a9/Drag%C3%A3o_de_Cristal_Dilacerante_em_Queda.PNG/revision/latest?cb=20170822235739&path-prefix=pt-br
522,Estilo Cristal: Espelho Cristal de Jade,https://static.wikia.nocookie.net/naruto/images/7/7c/Espelho_de_Cristal_de_Jade.PNG/revision/latest?cb=20170815214002&path-prefix=pt-br
525,Estilo Cristal: Formação das Oito Paredes de Cristal de Jade,https://static.wikia.nocookie.net/naruto/images/4/48/Suish%C5%8Dheki_Hachi_no_Jin.png/revision/latest?cb=20170816002405&path-prefix=pt-br
526,Estilo Cristal: Fruto Vermelho,https://static.wikia.nocookie.net/naruto/images/a/ab/Kurenai_no_Kajitsu.PNG/revision/latest?cb=20230413161021&path-prefix=pt-br
528,Estilo Cristal: Lâmina Cristal de Jade,https://static.wikia.nocookie.net/naruto/images/a/af/L%C3%A2mina_de_Cristal_de_Jade.PNG/revision/latest?cb=20170815212433&path-prefix=pt-br
529,Estilo Cristal: Onda da Prisão de Cristal,https://static.wikia.nocookie.net/naruto/images/4/44/Libera%C3%A7%C3%A3o_de_Cristal_-_Onda_da_Pris%C3%A3o_de_Cristal.png/revision/latest?cb=20170823001125&path-prefix=pt-br
530,Estilo Cristal: Prisão Cristal de Jade,https://static.wikia.nocookie.net/naruto/images/1/15/Pris%C3%A3o_do_Cristal_de_Jade.png/revision/latest?cb=20160410145229&path-prefix=pt-br
535,Estilo Cristal: Técnica do Caminho dos Deuses,https://static.wikia.nocookie.net/naruto/images/9/91/Libera%C3%A7%C3%A3o_de_Cristal_T%C3%A9cnica_do_Cruzamento_de_Deuses.png/revision/latest?cb=20150122140742&path-prefix=pt-br
536,Estilo Cristal: Técnica do Labirinto Cristal de Jade,https://static.wikia.nocookie.net/naruto/images/a/ae/Suish%C5%8D_Meiky%C5%AB_no_Jutsu.PNG/revision/latest?cb=20170815215805&path-prefix=pt-br
540,Estilo Dissolução: Dissolução de Ácido Explosivo,https://static.wikia.nocookie.net/naruto/images/d/dc/Libera%C3%A7%C3%A3o_de_Lava_-_Dissolu%C3%A7%C3%A3o_de_%C3%81cido_Explosivo_%283%29.png/revision/latest?cb=20190727210628&path-prefix=pt-br
541,Estilo Dissolução: Explosão Marca-Estrela,https://static.wikia.nocookie.net/naruto/images/a/a3/Explos%C3%A3o_Marcadora_de_Planetas_2_%28Boro_-_Anime%29.png/revision/latest?cb=20210705194647&path-prefix=pt-br
543,Estilo Dissolução: Técnica da Solução Misteriosa,https://static.wikia.nocookie.net/naruto/images/8/8f/Apari%C3%A7%C3%A3o_Fusionada.png/revision/latest?cb=20160816124001&path-prefix=pt-br
544,Estilo dos Tsuchigumo: Liberação da Técnica da Vida Proibida: Criação do Céu e da Terra,https://static.wikia.nocookie.net/naruto/images/9/9a/Estilo_Tsuchigumo_-_Libera%C3%A7%C3%A3o_da_T%C3%A9cnica_Proibida_da_Vida_-_Cria%C3%A7%C3%A3o_do_C%C3%A9u_e_da_Terra_%281%29.png/revision/latest?cb=20190907164456&path-prefix=pt-br
548,Estilo Ebulição: Técnica da Névoa Qualificada,https://static.wikia.nocookie.net/naruto/images/c/cf/FuttonKoumo.png/revision/latest?cb=20110830164359&path-prefix=pt-br
551,Estilo Escuro: Buraco Sugador,https://static.wikia.nocookie.net/naruto/images/f/f0/Hiruko_absorve_o_Rasengan.png/revision/latest?cb=20220111172737&path-prefix=pt-br
553,Estilo Escuro: Onda Ceifadora,https://static.wikia.nocookie.net/naruto/images/d/de/Onda_Ceifavora.png/revision/latest?cb=20221006025546&path-prefix=pt-br
562,Estilo Fogo: Aranha da Terra Carmesim,https://static.wikia.nocookie.net/naruto/images/e/e6/Suika_expelindo_fogo.png/revision/latest?cb=20160111181803&path-prefix=pt-br
564,Estilo Fogo: Bomba de Chamas,https://static.wikia.nocookie.net/naruto/images/e/e5/Libera%C3%A7%C3%A3o_de_Fogo_-_Proj%C3%A9til_de_Chamas.png/revision/latest?cb=20191212205721&path-prefix=pt-br
565,Estilo Fogo: Bomba de Chamas do Óleo de Sapo,https://static.wikia.nocookie.net/naruto/images/c/c8/Katon_Gamayu_Endan.PNG/revision/latest?cb=20170521005156&path-prefix=pt-br
566,Estilo Fogo: Bomba do Dragão de Fogo,https://static.wikia.nocookie.net/naruto/images/f/f3/Libera%C3%A7%C3%A3o_de_Fogo_-_Proj%C3%A9til_do_Drag%C3%A3o_de_Fogo.png/revision/latest?cb=20191207201842&path-prefix=pt-br
567,Estilo Fogo: Bomba do Dragão Flamejante,https://static.wikia.nocookie.net/naruto/images/7/77/Libera%C3%A7%C3%A3o_de_Fogo_-_Proj%C3%A9til_de_Chama_do_Drag%C3%A3o_de_Fogo.png/revision/latest?cb=20160622210153&path-prefix=pt-br
572,Estilo Fogo: Chama Alta,https://static.wikia.nocookie.net/naruto/images/3/3f/Katon_gen%C3%A9rico.png/revision/latest?cb=20160616202926&path-prefix=pt-br
573,Estilo Fogo: Chicotes Caóticos,https://static.wikia.nocookie.net/naruto/images/1/18/Chama_Negra_%28Hana_-_Anime%29.png/revision/latest?cb=20221012145719&path-prefix=pt-br
574,Estilo Fogo: Cinzas Ardentes,https://static.wikia.nocookie.net/naruto/images/d/df/Katon_Haisekisho.PNG/revision/latest?cb=20120327002022&path-prefix=pt-br
575,Estilo Fogo: Dança da Chama Agitada,https://static.wikia.nocookie.net/naruto/images/d/df/Katon_Ogi_Homuramai_1_%28Game%29.png/revision/latest?cb=20221023192339&path-prefix=pt-br
576,Estilo Fogo: Dança Selvagem da Onda Explosiva,https://static.wikia.nocookie.net/naruto/images/d/d3/Katon_Bakuf%C5%AB_Ranbu.png/revision/latest?cb=20150107104842&path-prefix=pt-br
577,Estilo Fogo: Execução de Fogo,https://static.wikia.nocookie.net/naruto/images/d/d9/Fogo_em_Execu%C3%A7%C3%A3o.png/revision/latest?cb=20210123033908&path-prefix=pt-br
578,Estilo Fogo: Explosão Flamejante Profunda,https://static.wikia.nocookie.net/naruto/images/e/e6/Explos%C3%A3o_Flamejante_Profunda_%28Kiseru_-_Anime%29.png/revision/latest?cb=20221219001434&path-prefix=pt-br
580,Estilo Fogo: Fogo Empalador,https://static.wikia.nocookie.net/naruto/images/7/73/Lan%C3%A7a_de_Fogo_na_m%C3%A3o.png/revision/latest?cb=20200302002429&path-prefix=pt-br
581,Estilo Fogo: Formação de Chama Explosiva,https://static.wikia.nocookie.net/naruto/images/5/52/Hanzo_usando_sua_t%C3%A9cnica.PNG/revision/latest?cb=20121204211531&path-prefix=pt-br
582,Estilo Fogo: Grande Aniquilação por Fogo,https://static.wikia.nocookie.net/naruto/images/d/db/G%C5%8Dka_Mekkyaku.PNG/revision/latest?cb=20130727001853&path-prefix=pt-br
583,Estilo Fogo: Grande Bola de Chamas,https://static.wikia.nocookie.net/naruto/images/9/9b/Libera%C3%A7%C3%A3o_de_Fogo_-_Bola_de_Grandes_Chamas_%281%29.png/revision/latest?cb=20151116231515&path-prefix=pt-br
585,Estilo Fogo: Grande Devastação por Fogo,https://static.wikia.nocookie.net/naruto/images/e/ec/Katon_G%C5%8Dka_Messhitsu_%282%29.PNG/revision/latest?cb=20140115012331&path-prefix=pt-br
586,Estilo Fogo: Grande Flor de Chama,https://static.wikia.nocookie.net/naruto/images/c/c1/Katon_Ryuen_Hoka_no_Jutsu_%28Edo_Madara%29.png/revision/latest?cb=20130725182649&path-prefix=pt-br
592,Estilo Fogo: Lanterna Demônio,https://static.wikia.nocookie.net/naruto/images/0/00/Katon_Onidoro.png/revision/latest?cb=20120501130223&path-prefix=pt-br
598,Estilo Fogo: Onda Caótica,https://static.wikia.nocookie.net/naruto/images/7/79/Estilo_Fogo_Onda_Ca%C3%B3tica_%28Hana_-_Anime%29.png/revision/latest?cb=20221031214025&path-prefix=pt-br
599,Estilo Fogo: Orochi de Chamas,https://static.wikia.nocookie.net/naruto/images/c/cb/Orochi_de_Chamas_%28Izuna_-_Game%29.png/revision/latest?cb=20230419184654&path-prefix=pt-br
600,Estilo Fogo: Parede do Dragão de Chamas,https://static.wikia.nocookie.net/naruto/images/7/75/Parede_do_Drag%C3%A3o_Chamejante_%28Aniki_-_Anime%29.png/revision/latest?cb=20220913185054&path-prefix=pt-br
601,Estilo Fogo: Pederneira de Yagura,https://static.wikia.nocookie.net/naruto/images/a/a6/Libera%C3%A7%C3%A3o_de_Fogo_-_S%C3%ADlex_de_Yagura_%28Mirai_-_Anime%29.png/revision/latest?cb=20190519190954&path-prefix=pt-br
602,Estilo Fogo: Prisão Celestial,https://static.wikia.nocookie.net/naruto/images/b/b5/Katon_Tenro1.png/revision/latest?cb=20120501122000&path-prefix=pt-br
603,Estilo Fogo: Pétalas Caóticas,https://static.wikia.nocookie.net/naruto/images/e/e7/Estilo_Fogo.P%C3%A9talas_Ca%C3%B3ticas.png/revision/latest?cb=20221030173120&path-prefix=pt-br
604,Estilo Fogo: Queima de Arquivo,https://static.wikia.nocookie.net/naruto/images/9/99/Queima_de_Arquivo.png/revision/latest?cb=20200217175408&path-prefix=pt-br
605,Estilo Fogo: Raposa de Fogo,https://static.wikia.nocookie.net/naruto/images/3/35/Katon_Kitsune_Fire.png/revision/latest?cb=20180301021723&path-prefix=pt-br
606,Estilo Fogo: Redemoinho de Chamas,https://static.wikia.nocookie.net/naruto/images/6/6c/Libera%C3%A7%C3%A3o_de_Fogo_-_Redemoinho_de_Chamas.png/revision/latest?cb=20160111182136&path-prefix=pt-br
608,Estilo Fogo: Técnica da Canção do Dragão de Chamas,https://static.wikia.nocookie.net/naruto/images/c/c7/Ry%C5%ABen_H%C5%8Dka_no_Jutsu.png/revision/latest?cb=20131128170451&path-prefix=pt-br
609,Estilo Fogo: Técnica da Cerâmica Queimada,https://static.wikia.nocookie.net/naruto/images/9/91/Libera%C3%A7%C3%A3o_de_Fogo_-_T%C3%A9cnica_da_Cer%C3%A2mica_Queimada_%28Z%C5%8D%29.png/revision/latest?cb=20160616203438&path-prefix=pt-br
611,Estilo Fogo: Técnica da Dança da Chama Mistica,https://static.wikia.nocookie.net/naruto/images/e/ea/T%C3%A9cnica_da_Dan%C3%A7a_da_Chama_Mistica.png/revision/latest?cb=20141025195452&path-prefix=pt-br
612,Estilo Fogo: Técnica da Grande Bola de Fogo,https://static.wikia.nocookie.net/naruto/images/2/2e/Libera%C3%A7%C3%A3o_de_Fogo_-_T%C3%A9cnica_da_Grande_Bola_de_Fogo_%28Fugaku_Uchiha%29.png/revision/latest?cb=20180415144454&path-prefix=pt-br
613,Estilo Fogo: Técnica da Grande Bola de Fogo — Chama Rotatória,https://static.wikia.nocookie.net/naruto/images/5/5b/Libera%C3%A7%C3%A3o_de_Fogo_T%C3%A9cnica_da_Grande_Bola_de_Fogo_-_Chama_Rotat%C3%B3ria.png/revision/latest?cb=20190114153255&path-prefix=pt-br
618,Estilo Fogo: Técnica do Dragão de Fogo,https://static.wikia.nocookie.net/naruto/images/b/bd/Estilo_Fogo_Desconhecido_%28Jiraiya_-_Anime%29.png/revision/latest?cb=20221001172910&path-prefix=pt-br
619,Estilo Fogo: Técnica do Grande Dragão de Fogo,https://static.wikia.nocookie.net/naruto/images/8/86/G%C5%8Dry%C5%ABka_no_Jutsu.PNG/revision/latest?cb=20140710063449&path-prefix=pt-br
620,Estilo Fogo: Técnica Flor de Fênix,https://static.wikia.nocookie.net/naruto/images/8/8d/T%C3%A9cnica_da_F%C3%AAnix_S%C3%A1bia_de_Fogo.png/revision/latest?cb=20170520140824&path-prefix=pt-br
621,Estilo Fogo: Técnica Flor de Fênix: Garra Escarlate,https://static.wikia.nocookie.net/naruto/images/e/e2/Libera%C3%A7%C3%A3o_de_Fogo_-_F%C3%AAnix_S%C3%A1bia_da_Flor_do_Prego_Carmesim.png/revision/latest?cb=20160107013737&path-prefix=pt-br
622,Estilo Fogo: Técnica Formação Fênix,https://static.wikia.nocookie.net/naruto/images/4/40/Jutsu_Forma%C3%A7%C3%A3o_da_F%C3%AAnix_%28Uchiha_-_Game%29.png/revision/latest?cb=20231127213424&path-prefix=pt-br
625,Estilo Fogo: Zukokku,https://static.wikia.nocookie.net/naruto/images/b/b2/Zukokku.png/revision/latest?cb=20190331052819&path-prefix=pt-br
626,Estilo Fusão: Bola de Borracha,https://static.wikia.nocookie.net/naruto/images/f/fa/YotonGomudan.png/revision/latest?cb=20130221160614&path-prefix=pt-br
627,Estilo Fusão: Bolas de Borracha,https://static.wikia.nocookie.net/naruto/images/e/ef/Bolas_de_Borracha_%28Kary%C5%AB%29.png/revision/latest?cb=20161215201238&path-prefix=pt-br
662,Flash do Telegrama,https://static.wikia.nocookie.net/naruto/images/b/bd/Denpo_Sekka.png/revision/latest?cb=20210804195015&path-prefix=pt-br
690,Formação da Areia Polarizada: Camuflagem de Areia Quente,https://static.wikia.nocookie.net/naruto/images/6/6d/Forma%C3%A7%C3%A3o_da_Areia_Polarizada.png/revision/latest?cb=20150410235648&path-prefix=pt-br
691,Formação da Barreira de Selamento de Quatro Pontas,https://static.wikia.nocookie.net/naruto/images/8/8b/Barreira_de_Selamento_de_Quatro_Cantos.png/revision/latest?cb=20140328183910&path-prefix=pt-br
695,Formação das Cordas de Luz,https://static.wikia.nocookie.net/naruto/images/b/be/Forma%C3%A7%C3%A3o_das_Cordas_de_Luz.png/revision/latest?cb=20231026183200&path-prefix=pt-br
697,Formação das Nove Caudas Amarelas,https://static.wikia.nocookie.net/naruto/images/e/ed/Forma%C3%A7%C3%A3o_das_Nove_Caudas_Amarelas.png/revision/latest?cb=20230826221142&path-prefix=pt-br
698,Formação das Quatro Chamas Púrpuras,https://static.wikia.nocookie.net/naruto/images/3/34/Shishienjin_%28Alian%C3%A7a_Shinobi%29.PNG/revision/latest?cb=20130308202228&path-prefix=pt-br
699,Formação das Quatro Cobras Negras,https://static.wikia.nocookie.net/naruto/images/e/e1/Forma%C3%A7%C3%A3o_de_Quatro_Cobras_Negras.png/revision/latest?cb=20201124113135&path-prefix=pt-br
700,Formação das Quatro Névoas Negras,https://static.wikia.nocookie.net/naruto/images/2/22/Shikokumujin.png/revision/latest?cb=20131024020226&path-prefix=pt-br
701,Formação de Areia: Shisa,https://static.wikia.nocookie.net/naruto/images/9/94/Forma%C3%A7%C3%A3o_de_Areia_Shisha.png/revision/latest?cb=20150410010835&path-prefix=pt-br
706,Formação dos Quatro Sóis Vermelhos,https://static.wikia.nocookie.net/naruto/images/2/24/Shisekiy%C5%8Djin.png/revision/latest?cb=20140817055924&path-prefix=pt-br
707,Formação dos Seis Sóis Vermelhos,https://static.wikia.nocookie.net/naruto/images/1/10/Seis_Forma%C3%A7%C3%B5es_Vermelhas_Yang.png/revision/latest?cb=20141002221742&path-prefix=pt-br
720,Funeral Trovejante: Banquete do Relâmpago,https://static.wikia.nocookie.net/naruto/images/c/c9/Funeral_Trovejante_-_Banquete_do_Rel%C3%A2mpago.png/revision/latest?cb=20180201144055&path-prefix=pt-br
722,Furacão de Trovoada,https://static.wikia.nocookie.net/naruto/images/d/d8/Furac%C3%A3o_de_Trovoada_%281%29.png/revision/latest?cb=20190901223144&path-prefix=pt-br
730,Fúria,https://static.wikia.nocookie.net/naruto/images/3/34/Dohatsuten.PNG/revision/latest?cb=20170201021844&path-prefix=pt-br
758,Górgona Atacante de Água,https://static.wikia.nocookie.net/naruto/images/3/33/T%C3%A1rtaro_Atacante_de_%C3%81gua.png/revision/latest?cb=20210129185111&path-prefix=pt-br
761,Hiden: Técnica de Ocultação no Pó de Escama,https://static.wikia.nocookie.net/naruto/images/a/a0/Fu_utilizando_seu_Hijutsu.png/revision/latest?cb=20130809033752&path-prefix=pt-br
767,Ilusão Demoníaca: Explosão do Aprisionamento da Árvore Assassina,https://static.wikia.nocookie.net/naruto/images/3/3f/Ilus%C3%A3o_Demon%C3%ADaca_Aprisionamento_da_%C3%81rvore_Assassina_%28Game%29.png/revision/latest?cb=20151012231928&path-prefix=pt-br
773,Impermanência de Coisas Mundanas,https://static.wikia.nocookie.net/naruto/images/f/f9/Imperman%C3%AAncia_de_Coisas_Mundanas_%281%29.png/revision/latest?cb=20190907194057&path-prefix=pt-br
781,Insetos Parasitas Destrutivos: Formas,https://static.wikia.nocookie.net/naruto/images/0/06/Insetos_Parasitas_Destrutivos_-_Formas.png/revision/latest?cb=20170626192504&path-prefix=pt-br
794,Invocação: Chamas Verdadeiras das Montanhas Flamejantes,https://static.wikia.nocookie.net/naruto/images/a/a4/C%C3%ADrculo_Ritual%C3%ADstico_%28Anime%29.png/revision/latest?cb=20210829152821&path-prefix=pt-br
795,Invocação: Câmara de Tortura,https://static.wikia.nocookie.net/naruto/images/a/a5/Invoca%C3%A7%C3%A3o_-_C%C3%A2mara_de_Tortura_%281%29.png/revision/latest?cb=20160414210910&path-prefix=pt-br
798,Invocação: Estilo Terra: Técnica de Perseguição de Garras,https://static.wikia.nocookie.net/naruto/images/6/65/Zabuza_Capturado.PNG/revision/latest?cb=20131205134111&path-prefix=pt-br
800,Invocação: Ferramenta Ninja,https://static.wikia.nocookie.net/naruto/images/6/60/Fukasaku_invoca_uma_F%C5%ABma_Shuriken.png/revision/latest?cb=20160215172151&path-prefix=pt-br
804,Invocação: Iron Maiden,https://static.wikia.nocookie.net/naruto/images/7/7b/Invoca%C3%A7%C3%A3o_-_Triste_Eletricidade_Escura_%281%29.png/revision/latest?cb=20160414204813&path-prefix=pt-br
806,Invocação: Portão da Água de Chuva,https://static.wikia.nocookie.net/naruto/images/0/05/Invoca%C3%A7%C3%A3o_Port%C3%A3o_da_%C3%81gua_de_Chuva.png/revision/latest?cb=20230928032926&path-prefix=pt-br
807,Invocação: Prisão da Boca do Sapo,https://static.wikia.nocookie.net/naruto/images/6/6e/Gamaguchi_Shibari.PNG/revision/latest?cb=20131024170529&path-prefix=pt-br
809,Invocação: Reencarnação nas Terras Impuras,https://static.wikia.nocookie.net/naruto/images/3/3b/Akatsuki_revivida.png/revision/latest?cb=20140624231538&path-prefix=pt-br
813,Invocação: Técnica da Loja Batráquia,https://static.wikia.nocookie.net/naruto/images/0/04/Gama_Mise_no_Jutsu.PNG/revision/latest?cb=20130127183729&path-prefix=pt-br
818,Jateamento do Cristal de Gelo,https://static.wikia.nocookie.net/naruto/images/6/61/Explos%C3%A3o_de_Cristais_de_Gelo.png/revision/latest?cb=20190510052804&path-prefix=pt-br
825,Juinjutsu de Orochimaru,https://static.wikia.nocookie.net/naruto/images/6/68/Juinjutsu_de_Orochimaru.png/revision/latest?cb=20221007182121&path-prefix=pt-br
828,Kagutsuchi: Chibaku Tensei,https://static.wikia.nocookie.net/naruto/images/8/8c/Takemikazuchi_2.png/revision/latest?cb=20180817024535&path-prefix=pt-br
837,Kamui Shuriken,https://static.wikia.nocookie.net/naruto/images/f/f1/Kamui_Shuriken_%281%29.PNG/revision/latest?cb=20160825141246&path-prefix=pt-br
844,Katsuyu: Imensa Rede de Cura,https://static.wikia.nocookie.net/naruto/images/8/81/Tsunade_Katsuyu_ChakraMedicinal.png/revision/latest?cb=20161003193046&path-prefix=pt-br
865,Lança Poderosa das Árvores,https://static.wikia.nocookie.net/naruto/images/8/83/Mokuton_Taiju_H%C5%8Dgeki.PNG/revision/latest?cb=20190503152427&path-prefix=pt-br
877,Liberação do Selo de Teletransporte de Quatro Cantos,https://static.wikia.nocookie.net/naruto/images/3/38/Libera%C3%A7%C3%A3o_do_Selo1.PNG/revision/latest?cb=20150813003316&path-prefix=pt-br
883,Usuário:Lukas Pessoa Dantas/Caminho Animal,https://static.wikia.nocookie.net/naruto/images/5/5c/Chikushodo2.PNG/revision/latest?cb=20170201052126&path-prefix=pt-br
885,Usuário:Lukas Pessoa Dantas/Modo Bárion,https://static.wikia.nocookie.net/naruto/images/3/3a/Modo_B%C3%A1rion_%28Anime%29.png/revision/latest?cb=20210924155608&path-prefix=pt-br
887,Lâmina da Chama Uchiha: Possessão de Fogo,https://static.wikia.nocookie.net/naruto/images/7/78/Uchiha_Enjin_%28Izuna%29.PNG/revision/latest?cb=20171110212655&path-prefix=pt-br
892,Líquido de Chakra,https://static.wikia.nocookie.net/naruto/images/7/77/Chakra_L%C3%ADquido.png/revision/latest?cb=20161107201026&path-prefix=pt-br
893,Lírio da Aranha Negra,https://static.wikia.nocookie.net/naruto/images/e/e2/L%C3%ADrio_da_Aranha_Negra.png/revision/latest?cb=20111209112613&path-prefix=pt-br
897,Mahamayuri,https://static.wikia.nocookie.net/naruto/images/1/16/Sabedoria_da_Rainha_Pav%C3%A3o.png/revision/latest?cb=20150709170613&path-prefix=pt-br
900,Maldição Mandala,https://static.wikia.nocookie.net/naruto/images/5/51/Maldi%C3%A7%C3%A3o_Mandala.png/revision/latest?cb=20150305200005&path-prefix=pt-br
919,Massa de Areia Explosiva,https://static.wikia.nocookie.net/naruto/images/4/40/Aglomera%C3%A7%C3%A3o_Explosiva_do_Deserto_de_Areia_%281%29.png/revision/latest?cb=20190209220810&path-prefix=pt-br
927,Mil Agulhas Voadoras de Água da Morte,https://static.wikia.nocookie.net/naruto/images/e/ef/Haku_utillizando_Hyoton.PNG/revision/latest?cb=20170523223547&path-prefix=pt-br
929,Minas Terrestres Explosivas,https://static.wikia.nocookie.net/naruto/images/5/53/Kibaku_Jirai.PNG/revision/latest?cb=20190428025033&path-prefix=pt-br
938,Modo de Chakra do Estilo Fusão,https://static.wikia.nocookie.net/naruto/images/b/bf/Armadura_de_lava.PNG/revision/latest?cb=20130827025724&path-prefix=pt-br
941,Modo de Chakra do Nove-Caudas,https://static.wikia.nocookie.net/naruto/images/4/47/Modo_de_Chakra_do_Nove-Caudas_%28Naruto_Uzumaki_-_Anime%29.PNG/revision/latest?cb=20230417015146&path-prefix=pt-br
942,Modo de Chakra do Tenseigan,https://static.wikia.nocookie.net/naruto/images/0/01/Tenseigan_Chakura_Mode.png/revision/latest?cb=20150307171708&path-prefix=pt-br
953,Multiplicação Mútua dos Amuletos Explosivos,https://static.wikia.nocookie.net/naruto/images/1/12/Multiplica%C3%A7%C3%A3o_M%C3%BAtua_dos_Selos_Explosivos.png/revision/latest?cb=20140918224107&path-prefix=pt-br
955,Muro de Ventos Rápidos,https://static.wikia.nocookie.net/naruto/images/7/7f/V%C3%B3rtex_Espiral_de_Vento.png/revision/latest?cb=20220603132107&path-prefix=pt-br
957,Mão de Chakra,https://static.wikia.nocookie.net/naruto/images/c/c5/Naruto_usando_Bra%C3%A7os_de_Chakra.PNG/revision/latest?cb=20130725205602&path-prefix=pt-br
960,Mãos de Serpente Oculta na Sombra,https://static.wikia.nocookie.net/naruto/images/7/7d/M%C3%A3os_de_Serpente_Oculta_na_Sombra_%28Anime%29.png/revision/latest?cb=20200109132628&path-prefix=pt-br
965,Método de Formação do Selo Vinculador,https://static.wikia.nocookie.net/naruto/images/5/5a/Libera%C3%A7%C3%A3o_do_Quadrado_da_Bomba_Selada.png/revision/latest?cb=20150301174512&path-prefix=pt-br
967,Método de Mudança Corporal das Sombras Espelhadas,https://static.wikia.nocookie.net/naruto/images/d/d6/M%C3%A9todo_de_Mudan%C3%A7a_Corporal_das_Sombras_Espelhadas.png/revision/latest?cb=20160131145029&path-prefix=pt-br
968,Método de Selamento de Fogo,https://static.wikia.nocookie.net/naruto/images/a/a9/Fuka_Hoin.png/revision/latest?cb=20120423123025&path-prefix=pt-br
973,Múltiplos Abraços Infinitos,https://static.wikia.nocookie.net/naruto/images/e/e5/M%C3%BAltiplos_Abra%C3%A7os_Infinitos_%281%29.png/revision/latest?cb=20190907200444&path-prefix=pt-br
988,Ninjutsu Secreto Ankorodō: Estilo Mochi: Bolinhos Infinitos,https://static.wikia.nocookie.net/naruto/images/b/b5/Ninjutsu_Secreto_Ankorod%C5%8D_-_Libera%C3%A7%C3%A3o_de_Mochi_-_Bolinhos_Infinitos_%281%29.png/revision/latest?cb=20191208131259&path-prefix=pt-br
992,Nove Bestas Mascaradas,https://static.wikia.nocookie.net/naruto/images/5/5c/Kyumenju.PNG/revision/latest?cb=20130722205818&path-prefix=pt-br
994,Névoa Escura,https://static.wikia.nocookie.net/naruto/images/e/e2/N%C3%A9voa_Negra_%28Seiren_-_Anime%29.png/revision/latest?cb=20220327112919&path-prefix=pt-br
999,Oito Trigramas Palma de Rede,https://static.wikia.nocookie.net/naruto/images/e/ee/Oito_Trigramas_Palma_de_Rede.png/revision/latest?cb=20151010010645&path-prefix=pt-br
1009,Ondas Sonoras Decapitadoras,https://static.wikia.nocookie.net/naruto/images/1/17/Zank%C5%ABha_%28Zaku_Abumi_-_Anime%29.PNG/revision/latest?cb=20221215183255&path-prefix=pt-br
1040,Peixe de Relâmpago,https://static.wikia.nocookie.net/naruto/images/1/12/Peixe_de_Rel%C3%A2mpago.png/revision/latest?cb=20180320232554&path-prefix=pt-br
1075,Prisão de Arame,https://static.wikia.nocookie.net/naruto/images/1/19/Pris%C3%A3o_de_Arame.png/revision/latest?cb=20150209143746&path-prefix=pt-br
1078,Prisão em Forma de Rede,https://static.wikia.nocookie.net/naruto/images/e/e2/Pris%C3%A3o_em_Forma_de_Rede.png/revision/latest?cb=20160111175811&path-prefix=pt-br
1081,Projétil do Estilo Fogo: "Chamas",https://static.wikia.nocookie.net/naruto/images/5/59/Estilo_Fogo_%28Denki_-_Anime%29.png/revision/latest?cb=20211128164215&path-prefix=pt-br
1082,Projétil do Estilo Raio: Respiração Violenta,https://static.wikia.nocookie.net/naruto/images/b/ba/Proj%C3%A9til_de_Libera%C3%A7%C3%A3o_de_Rel%C3%A2mpago_-_Respira%C3%A7%C3%A3o_Violenta_%281%29.png/revision/latest?cb=20191207121900&path-prefix=pt-br
1083,Projétil do Estilo Vento: Shuriken,https://static.wikia.nocookie.net/naruto/images/5/5e/Proj%C3%A9til_de_Libera%C3%A7%C3%A3o_de_Vento_-_Shuriken_%28Boruto_-_Anime%29.png/revision/latest?cb=20180921214051&path-prefix=pt-br
1084,Projétil do Estilo Água: Orca,https://static.wikia.nocookie.net/naruto/images/b/bf/Proj%C3%A9til_de_Libera%C3%A7%C3%A3o_de_%C3%81gua_-_Orca_%28Boruto_-_Anime%29.png/revision/latest?cb=20180921212309&path-prefix=pt-br
1089,Punho Adamantino,https://static.wikia.nocookie.net/naruto/images/7/7c/For%C3%A7a_Aprimorada_de_Chakra.png/revision/latest?cb=20130102221209&path-prefix=pt-br
1111,Raijin Voador: Trovão Guiado,https://static.wikia.nocookie.net/naruto/images/3/30/Barreira_do_Espa%C3%A7o_Tempo.png/revision/latest?cb=20120209235101&path-prefix=pt-br
1112,Raikiri,https://static.wikia.nocookie.net/naruto/images/2/25/Raikiri.png/revision/latest?cb=20140518191951&path-prefix=pt-br
1159,Reencarnação da Vida do Dragão,https://static.wikia.nocookie.net/naruto/images/6/66/Reincarna%C3%A7%C3%A3o_da_Vida_do_Drag%C3%A3o.png/revision/latest?cb=20120428013208&path-prefix=pt-br
1163,Regeneração da Criação,https://static.wikia.nocookie.net/naruto/images/d/d8/Souzou_Saisei1.png/revision/latest?cb=20231001180523&path-prefix=pt-br
1172,Relógio da Contagem Regressiva do Armagedom,https://static.wikia.nocookie.net/naruto/images/9/96/Rel%C3%B3gio_do_Armagedom.png/revision/latest?cb=20150426022151&path-prefix=pt-br
1174,Restrição do Pilar de Pedra,https://static.wikia.nocookie.net/naruto/images/5/59/Restri%C3%A7%C3%A3o_do_Pilar_de_Pedra_%28Io_-_Anime%29.png/revision/latest?cb=20220503155423&path-prefix=pt-br
1205,Seis Caminhos: Kunitsukami,https://static.wikia.nocookie.net/naruto/images/b/bc/Avatar_de_Asura.png/revision/latest?cb=20150723163917&path-prefix=pt-br
1206,Seis Caminhos: Selo-Caixão do Dez-Caudas,https://static.wikia.nocookie.net/naruto/images/b/b5/Madara_selando_o_Dez-Caudas.png/revision/latest?cb=20150529014336&path-prefix=pt-br
1214,Selo Amaldiçoado de Assassinato,https://static.wikia.nocookie.net/naruto/images/f/f2/Selo_Amaldi%C3%A7oado_de_Assassinato.png/revision/latest?cb=20210721201300&path-prefix=pt-br
1224,Selo do Ceifeiro da Morte,https://static.wikia.nocookie.net/naruto/images/4/47/Shiki_F%C5%ABjin.PNG/revision/latest?cb=20170522183523&path-prefix=pt-br
1225,Selo do Ceifeiro da Morte: Liberar,https://static.wikia.nocookie.net/naruto/images/f/fb/Almas_saindo_do_Shinigami.png/revision/latest?cb=20140618043051&path-prefix=pt-br
1227,Selo Gedō: Liberar,https://static.wikia.nocookie.net/naruto/images/a/a5/Selo_Ged%C5%8D_-_Liberar.png/revision/latest?cb=20171022150411&path-prefix=pt-br
1238,Shinra Tensei,https://static.wikia.nocookie.net/naruto/images/e/ef/Shinra_Tensei_%28Nagato_-_Anime%29.png/revision/latest?cb=20221229220730&path-prefix=pt-br
1242,Shuriken de Telha,https://static.wikia.nocookie.net/naruto/images/b/be/Kawara_Shuriken.PNG/revision/latest?cb=20121202002351&path-prefix=pt-br
1259,Suporte de Pino (Ultimate Ninja Storm),https://static.wikia.nocookie.net/naruto/images/6/60/Porta-Pino.png/revision/latest?cb=20160303213325&path-prefix=pt-br
1261,Supremo Ataque Absoluto: Enterro de Areia,https://static.wikia.nocookie.net/naruto/images/7/76/Derradeiro_Ataque_Supremo_-_Enterro_de_Areia.jpg/revision/latest?cb=20190409053937&path-prefix=pt-br
1275,Tarja de Selamento,https://static.wikia.nocookie.net/naruto/images/8/86/T%C3%A9cnica_da_Barreira_de_Isolamento.png/revision/latest?cb=20160822192215&path-prefix=pt-br
1279,Tengai Shinsei,https://static.wikia.nocookie.net/naruto/images/2/23/Tengai_Shinsei_%28Edo_Madara%29.png/revision/latest?cb=20130725182634&path-prefix=pt-br
1281,Tenseijutsu de Redaku,https://static.wikia.nocookie.net/naruto/images/a/a5/Tenseijutsu_de_Redaku.png/revision/latest?cb=20230828184703&path-prefix=pt-br
1285,Terceiro Olho,https://static.wikia.nocookie.net/naruto/images/e/e3/Terceiro_Olho.PNG/revision/latest?cb=20140818193050&path-prefix=pt-br
1288,Tinta Preta,https://static.wikia.nocookie.net/naruto/images/9/95/Cria%C3%A7%C3%A3o_de_Tinta.PNG/revision/latest?cb=20140811143417&path-prefix=pt-br
1290,Tiro Aquático,https://static.wikia.nocookie.net/naruto/images/9/9c/Tiro_Aqu%C3%A1tico.png/revision/latest?cb=20160901220300&path-prefix=pt-br
1298,Tornado de Água,https://static.wikia.nocookie.net/naruto/images/5/5d/Tornado_de_%C3%81gua.png/revision/latest?cb=20151122014349&path-prefix=pt-br
1300,Torpedo de Pregos,https://static.wikia.nocookie.net/naruto/images/8/88/Torpedo_de_Pregos.PNG/revision/latest?cb=20190221153127&path-prefix=pt-br
1304,Transferência de Chakra,https://static.wikia.nocookie.net/naruto/images/e/ed/Transfer%C3%AAncia_de_Chakra_%28Grupo_Magaki%29.png/revision/latest?cb=20160718193204&path-prefix=pt-br
1306,Transformação Combinada,https://static.wikia.nocookie.net/naruto/images/9/91/Konbi_Henge.png/revision/latest?cb=20130831184656&path-prefix=pt-br
1312,Transformação Misturada da Besta Humana — Lobo de Três Cabeças,https://static.wikia.nocookie.net/naruto/images/1/1b/Jinj%C5%AB_Kong%C5%8D_Henge_-_Sant%C5%8Dr%C5%8D_%28Kiba_Inuzuka%29.png/revision/latest?cb=20140822041651&path-prefix=pt-br
1318,Transportando os Corpos,https://static.wikia.nocookie.net/naruto/images/f/fc/Transportando_os_Corpos.png/revision/latest?cb=20160915154513&path-prefix=pt-br
1319,Tratamento Petriquímico,https://static.wikia.nocookie.net/naruto/images/b/b0/T%C3%A9cnica_de_Cura_de_Sakura.PNG/revision/latest?cb=20220510191323&path-prefix=pt-br
1320,Tremor Violento do Rato de Relâmpago,https://static.wikia.nocookie.net/naruto/images/e/ea/Raiso_Gekishin.png/revision/latest?cb=20121102000203&path-prefix=pt-br
1326,Trovão de Perfurar Corpo,https://static.wikia.nocookie.net/naruto/images/9/99/Libera%C3%A7%C3%A3o_de_Rel%C3%A2mpago_-_T%C3%A9cnica_da_L%C3%A2mina_Rel%C3%A2mpago.png/revision/latest?cb=20160621183312&path-prefix=pt-br
1331,Tsukuyomi Infinito: Liberar,https://static.wikia.nocookie.net/naruto/images/9/9d/Tsukuyomi_Infinito_-_Liberar.png/revision/latest?cb=20160911124300&path-prefix=pt-br
1334,Tumulto de Rasengan,https://static.wikia.nocookie.net/naruto/images/6/69/Rasenrangan.png/revision/latest?cb=20131022034654&path-prefix=pt-br
1337,Técnica Anti-Embriaguez,https://static.wikia.nocookie.net/naruto/images/2/2e/T%C3%A9cnica_Anti-Embriaguez_%28Mei_-_Anime%29.png/revision/latest?cb=20220402051130&path-prefix=pt-br
1341,Técnica Cooperativa do Estilo Fogo: Garuda,https://static.wikia.nocookie.net/naruto/images/b/b3/Garuda_1.png/revision/latest?cb=20210803180440&path-prefix=pt-br
1355,Técnica da Barreira de Névoa Carmesim,https://static.wikia.nocookie.net/naruto/images/e/ed/T%C3%A9cnica_da_Barreira_de_N%C3%A9voa_Carmesim.png/revision/latest?cb=20201215122114&path-prefix=pt-br
1361,Técnica da Casca Vazia de Cigarra,https://static.wikia.nocookie.net/naruto/images/1/1e/T%C3%A9cnica_da_Casca_Vazia_de_Cigarra.png/revision/latest?cb=20141219155531&path-prefix=pt-br
1366,Técnica da Costura pelas Sombras,https://static.wikia.nocookie.net/naruto/images/6/6c/Kage_Nui_no_Jutsu.PNG/revision/latest?cb=20130109233709&path-prefix=pt-br
1369,Técnica da Cura Mística,https://static.wikia.nocookie.net/naruto/images/3/36/T%C3%A9cnica_da_Cura_M%C3%ADstica_%28Karin%29.png/revision/latest?cb=20160825143734&path-prefix=pt-br
1373,Técnica da Desilusão do Inseto,https://static.wikia.nocookie.net/naruto/images/2/2d/Mushi_Damashi_no_Jutsu.PNG/revision/latest?cb=20210508134750&path-prefix=pt-br
1375,Técnica da Entrada Oculta,https://static.wikia.nocookie.net/naruto/images/6/6d/T%C3%A9cnica_da_Entrada_Oculta.png/revision/latest?cb=20150618215326&path-prefix=pt-br
1378,Técnica da Espada Sombria,https://static.wikia.nocookie.net/naruto/images/8/8d/T%C3%A9cnica_da_Espada_Sombria_%281%29.png/revision/latest?cb=20200309050201&path-prefix=pt-br
1379,Técnica da Foice da Doninha,https://static.wikia.nocookie.net/naruto/images/f/f2/Kamaitachi_no_Jutsu_%281%29.png/revision/latest?cb=20180320202109&path-prefix=pt-br
1381,Técnica da Formação do Trovão Voador,https://static.wikia.nocookie.net/naruto/images/2/2f/O_pelot%C3%A3o_de_guardas_do_Hokage_transportando_Mei.png/revision/latest?cb=20130801145812&path-prefix=pt-br
1385,Técnica da Juba do Leão Selvagem,https://static.wikia.nocookie.net/naruto/images/b/b7/Ranjishigami_no_Jutsu.PNG/revision/latest?cb=20130127184029&path-prefix=pt-br
1388,Técnica da Maldição da Marionete de Areia,https://static.wikia.nocookie.net/naruto/images/f/ff/T%C3%A9cnica_da_Maldi%C3%A7%C3%A3o_da_Marionete_de_Areia.png/revision/latest?cb=20150424230535&path-prefix=pt-br
1396,Técnica da Onda de Som,https://static.wikia.nocookie.net/naruto/images/4/49/T%C3%A9cnica_da_Onda_de_Som.png/revision/latest?cb=20140426015024&path-prefix=pt-br
1397,Técnica da Palma Mística,https://static.wikia.nocookie.net/naruto/images/8/85/Shosen_Jutsu_%28Ino%29.PNG/revision/latest?cb=20130109223316&path-prefix=pt-br
1399,Técnica da Prisão de Água,https://static.wikia.nocookie.net/naruto/images/1/1c/Zabuza_utilizando_Suiton.png/revision/latest?cb=20190811045823&path-prefix=pt-br
1400,Técnica da Projeção Corporal,https://static.wikia.nocookie.net/naruto/images/4/45/T%C3%A9cnica_da_Proje%C3%A7%C3%A3o_Corporal_%28Pain_-_Anime%29.PNG/revision/latest?cb=20221127135548&path-prefix=pt-br
1405,Técnica da Sombra da Lua,https://static.wikia.nocookie.net/naruto/images/b/b6/T%C3%A9cnica_da_Sombra_da_Lua_%281%29.png/revision/latest?cb=20200309065739&path-prefix=pt-br
1407,Técnica da Tempestade de Areia,https://static.wikia.nocookie.net/naruto/images/1/19/T%C3%A9cnica_da_Tempestade_de_Areia.png/revision/latest?cb=20150423224723&path-prefix=pt-br
1408,Técnica da Transformação em Batráquio,https://static.wikia.nocookie.net/naruto/images/7/74/Kaeru_Kaeru_no_Jutsu.PNG/revision/latest?cb=20130127183909&path-prefix=pt-br
1409,Técnica da Vibração de Insetos,https://static.wikia.nocookie.net/naruto/images/6/63/Muro_de_Insetos.png/revision/latest?cb=20160315162142&path-prefix=pt-br
1411,Técnica das Espadas-Relâmpago: Controle Remoto,https://static.wikia.nocookie.net/naruto/images/e/e8/T%C3%A9cnica_das_Espadas_Trov%C3%A3o_-_Controle_Remoto.png/revision/latest?cb=20201215133342&path-prefix=pt-br
1421,Técnica de Assimilação da Criação de Todas as Coisas,https://static.wikia.nocookie.net/naruto/images/6/65/T%C3%A9cnica_de_Assimila%C3%A7%C3%A3o_da_Cria%C3%A7%C3%A3o_de_Todas_as_Coisas.png/revision/latest?cb=20150424021453&path-prefix=pt-br
1423,Técnica de Autosselo,https://static.wikia.nocookie.net/naruto/images/6/6d/T%C3%A9cnica_de_Autosselo.png/revision/latest?cb=20220312010356&path-prefix=pt-br
1426,Técnica de Barreira do Portão de Cinco Selos: Castelo Fechando Oito Portões,https://static.wikia.nocookie.net/naruto/images/8/80/Kekkaimon_Gof%C5%ABjutsu_Hachimon_Heij%C5%8D1.png/revision/latest?cb=20130711160339&path-prefix=pt-br
1430,Técnica de Caminhada Aquática,https://static.wikia.nocookie.net/naruto/images/8/8f/Suimen_Hok%C5%8D_no_Gy%C5%8D.png/revision/latest?cb=20131011030713&path-prefix=pt-br
1432,Técnica de Clonagem,https://static.wikia.nocookie.net/naruto/images/c/c3/T%C3%A9cnica_de_Clonagem.PNG/revision/latest?cb=20140623001415&path-prefix=pt-br
1435,Técnica de Confusão da Mente do Corpo,https://static.wikia.nocookie.net/naruto/images/5/5a/T%C3%A9cnica_de_Confus%C3%A3o_da_Mente_do_Corpo_%281%29.png/revision/latest?cb=20151023213414&path-prefix=pt-br
1439,Técnica de Correr em Obstáculos,https://static.wikia.nocookie.net/naruto/images/8/85/Escalada_em_%C3%81rvores.PNG/revision/latest?cb=20131010041057&path-prefix=pt-br
1447,Técnica de Deslacramento: Campo de Água Portátil,https://static.wikia.nocookie.net/naruto/images/5/5e/Campo_de_%C3%81gua_Port%C3%A1til.PNG/revision/latest?cb=20130109233550&path-prefix=pt-br
1452,Técnica de Deslacramento: Kunai,https://static.wikia.nocookie.net/naruto/images/d/db/Deslacramento_-_Kunai_%281%29.png/revision/latest?cb=20201023034522&path-prefix=pt-br
1457,Técnica de Destruição de Mente,https://static.wikia.nocookie.net/naruto/images/9/95/Shinranshin_no_Jutsu.PNG/revision/latest?cb=20170529233316&path-prefix=pt-br
1463,Técnica de Enforcamento Demoníaco pela Sombra,https://static.wikia.nocookie.net/naruto/images/f/fc/T%C3%A9cnica_de_Estrangulamento_Demon%C3%ADaco_pela_Sombra_%281%29.png/revision/latest?cb=20190127135941&path-prefix=pt-br
1464,Técnica de Enforcamento pela Sombra,https://static.wikia.nocookie.net/naruto/images/2/29/Kage_Kubishibari_no_Jutsu.PNG/revision/latest?cb=20160910134555&path-prefix=pt-br
1471,Técnica de Expansão das Sombras,https://static.wikia.nocookie.net/naruto/images/c/cc/T%C3%A9cnica_de_Expans%C3%A3o_das_Sombras_%28Shikadai_-_Anime%29.png/revision/latest?cb=20190607013154&path-prefix=pt-br
1488,Verdadeiras Chamas de Samadhi,https://static.wikia.nocookie.net/naruto/images/c/c3/Chamas_da_Verdade_de_Samadhi_%28Anime%29.png/revision/latest?cb=20210227025042&path-prefix=pt-br
1491,Verdadeiro: Chibaku Tensei,https://static.wikia.nocookie.net/naruto/images/e/e4/Esfera_negra_do_Chibaku_Tensei.PNG/revision/latest?cb=20160703165303&path-prefix=pt-br
1498,Vinculação de Fios,https://static.wikia.nocookie.net/naruto/images/b/b5/Vincula%C3%A7%C3%A3o_de_Fios.png/revision/latest?cb=20160308180010&path-prefix=pt-br
1500,Violenta Agulha Celestial de Terra,https://static.wikia.nocookie.net/naruto/images/2/2a/Retsudo_Tenshin.png/revision/latest?cb=20130518193515&path-prefix=pt-br
1501,Visão das Múltiplas Shuriken,https://static.wikia.nocookie.net/naruto/images/4/40/M%C3%BAltiplas_Shuriken_Fantasmas.png/revision/latest?cb=20160219192430&path-prefix=pt-br
1532,Arte Ninja: Profusão de Flores,https://static.wikia.nocookie.net/naruto/images/5/59/Coberta_com_Flores.png/revision/latest?cb=20190411045057&path-prefix=pt-br
1543,Estilo Raio: Alicerce de Relâmpago Ilusório,https://static.wikia.nocookie.net/naruto/images/0/0e/Raigen_Raik%C5%8Dch%C5%AB.PNG/revision/latest?cb=20140723051125&path-prefix=pt-br
1544,Estilo Vento: Redemoinho da Nuvem de Areia,https://static.wikia.nocookie.net/naruto/images/4/42/Sajin_Senp%C5%AB.png/revision/latest?cb=20150219213843&path-prefix=pt-br
1551,Genjutsu de Estilo Água: Prisão Demoníaca do Nevoeiro Fantasma,https://static.wikia.nocookie.net/naruto/images/6/61/Suiton_Genjutsu_Mugen_Maro.png/revision/latest?cb=20130309142647&path-prefix=pt-br
1554,Genjutsu de Pétalas,https://static.wikia.nocookie.net/naruto/images/b/b5/Genjutsu_-_Fuga_de_P%C3%A9tala_de_Flor_%282%29.PNG/revision/latest?cb=20160913012649&path-prefix=pt-br
1556,Genjutsu: Alucinação Felina,https://static.wikia.nocookie.net/naruto/images/3/3e/Genjutsu_do_Gato.PNG/revision/latest?cb=20160329222913&path-prefix=pt-br
1558,Genjutsu: Aprisionamento do Pé de Feijão,https://static.wikia.nocookie.net/naruto/images/f/f3/Ilus%C3%A3o_do_Aprisionamento_na_Corda_de_Feij%C3%A3o.PNG/revision/latest?cb=20140519011648&path-prefix=pt-br
1566,Genjutsu: Fogo-Fátuo,https://static.wikia.nocookie.net/naruto/images/a/af/Genjutsu_Fogo_Fatuo_%28Anime%29.png/revision/latest?cb=20230103173431&path-prefix=pt-br
1572,Genjutsu: Nuvem Tempestuosa,https://static.wikia.nocookie.net/naruto/images/a/a2/T%C3%A9cnica_da_Nuvem_Tempestuosa.png/revision/latest?cb=20160802165355&path-prefix=pt-br
1580,Genjutsu: Sublimação,https://static.wikia.nocookie.net/naruto/images/4/42/Genjutsu_de_Sublima%C3%A7%C3%A3o_%28Kabuto%2C_Orochimaru%2C_Sasuke_-_Road_of_Naruto%29.png/revision/latest?cb=20230110140856&path-prefix=pt-br
1585,Ilusão Demoníaca: Aprisionamento da Árvore Assassina,https://static.wikia.nocookie.net/naruto/images/7/72/Jubaku_Satsu.png/revision/latest?cb=20130726190120&path-prefix=pt-br
1591,Ilusão Demoníaca: Flor da Névoa,https://static.wikia.nocookie.net/naruto/images/2/23/Ilus%C3%A3o_Demon%C3%ADaca_-_Flor_da_Neblina.png/revision/latest?cb=20190410050022&path-prefix=pt-br
1597,Ilusão Demoníaca: Técnica da Visão do Inferno,https://static.wikia.nocookie.net/naruto/images/5/54/Ilus%C3%A3o_Demon%C3%ADaca_T%C3%A9cnica_da_Vis%C3%A3o_do_Inferno.png/revision/latest?cb=20170508191119&path-prefix=pt-br
1598,Ilusão Demoníaca: Técnica do Inferno Decrescente,https://static.wikia.nocookie.net/naruto/images/d/d5/Ilus%C3%A3o_Demon%C3%ADaca_de_Yoroi.png/revision/latest?cb=20150617221352&path-prefix=pt-br
1603,Izanagi,https://static.wikia.nocookie.net/naruto/images/9/93/Izanagi_1.png/revision/latest?cb=20150615030916&path-prefix=pt-br
1605,Jibakugan,https://static.wikia.nocookie.net/naruto/images/3/35/Jibakugan.png/revision/latest?cb=20141213192147&path-prefix=pt-br
1606,Kekkei Genkai do Clã Kurama,https://static.wikia.nocookie.net/naruto/images/5/51/A_forma_f%C3%ADsica_do_Ido_%28HD%29.png/revision/latest?cb=20160309132514&path-prefix=pt-br
1621,Tsukuyomi Infinito,https://static.wikia.nocookie.net/naruto/images/5/5d/Tsukuyomi_Infinito_Ativado.png/revision/latest?cb=20150820190140&path-prefix=pt-br
1629,Técnica de Reversão Temporal,https://static.wikia.nocookie.net/naruto/images/b/b3/T%C3%A9cnica_de_Revers%C3%A3o_Temporal.PNG/revision/latest?cb=20150128194538&path-prefix=pt-br
1630,Técnica do Inferno nas Sombras,https://static.wikia.nocookie.net/naruto/images/b/bf/T%C3%A9cnica_do_Inferno_das_Sombras.PNG/revision/latest?cb=20150208181559&path-prefix=pt-br
1631,Técnica do Templo de Nirvana,https://static.wikia.nocookie.net/naruto/images/3/3b/Templo_de_Nirvana.png/revision/latest?cb=20150402183921&path-prefix=pt-br
1632,Técnica do Trazedor da Escuridão,https://static.wikia.nocookie.net/naruto/images/1/18/Kokuangyo_no_Jutsu.PNG/revision/latest?cb=20150906220246&path-prefix=pt-br
1633,Técnica dos Servos de Neblina,https://static.wikia.nocookie.net/naruto/images/5/5c/Kasumi_J%C5%ABsha_no_Jutsu.png/revision/latest?cb=20190611170354&path-prefix=pt-br
1634,Vapor Vermelho da Sedução,https://static.wikia.nocookie.net/naruto/images/2/2c/Genwaku_Yukemuri.PNG/revision/latest?cb=20171114211428&path-prefix=pt-br
2229,Arte Ninja da Espada Longa: Costura da Aranha da Terra,https://static.wikia.nocookie.net/naruto/images/5/5a/Arte_Ninja_da_Espada_Longa_-_Costura_da_Aranha_da_Terra_%281%29.png/revision/latest?cb=20190301164921&path-prefix=pt-br
2232,Arte Ninja: Formação do Majestoso Ciclo Sexagenário de Genbu: Estilo de Número 108: Liberar,https://static.wikia.nocookie.net/naruto/images/0/04/Soco_do_Sekki_%281%29.png/revision/latest?cb=20191016131208&path-prefix=pt-br
2233,Arte Ninja: Técnica da Passagem Através da Parede,https://static.wikia.nocookie.net/naruto/images/4/40/Arte_Ninja_-_Jutsu_do_Fantasma_%281%29.PNG/revision/latest?cb=20150922001143&path-prefix=pt-br
2446,Estilo Terra: Explosão do Pilar de Terra,https://static.wikia.nocookie.net/naruto/images/1/19/Libera%C3%A7%C3%A3o_de_Terra_-_Cortina_de_Poeira_%281%29.png/revision/latest?cb=20210507173454&path-prefix=pt-br
2449,Estilo Vento: Grande Sucção,https://static.wikia.nocookie.net/naruto/images/c/ca/Omake_117.png/revision/latest?cb=20160419200417&path-prefix=pt-br
2451,Estilo Água: Perigo Iminente,https://static.wikia.nocookie.net/naruto/images/2/26/Estilo_%C3%81gua_Perigo_Iminente_slide2.png/revision/latest?cb=20220327141959&path-prefix=pt-br
2587,Mil Anos de Morte,https://static.wikia.nocookie.net/naruto/images/7/7c/Mil_Anos_de_Morte_%28HD%29.PNG/revision/latest?cb=20170508190505&path-prefix=pt-br
2957,Sobre Presa,https://static.wikia.nocookie.net/naruto/images/1/13/Ts%C5%ABga.PNG/revision/latest?cb=20140722051407&path-prefix=pt-br
2985,Tigre Diurno,https://static.wikia.nocookie.net/naruto/images/4/4b/Hirudora.png/revision/latest?cb=20140322111050&path-prefix=pt-br
